"0","Daily_activity_sleep %>% "
"0","  group_by(totalminutesasleep, totaltimeinbed) %>%"
"0","  ggplot(aes(x = totalminutesasleep, y = totaltimeinbed, color = totaltimeinbed)) +"
"0","  geom_point() +"
"0","  geom_smooth() + "
"0","  theme(legend.position = c(.9, .3),"
"0","        legend.spacing.y = unit(1, ""mm""),"
"0","        panel.border = element_rect(colour = ""black"", fill='NA'),"
"0","        legend.background = element_blank(),"
"0","        legend.box.background = element_rect(colour = ""black"")) +"
"0","  labs(title = 'Totalminutesasleep VS Totaltimeinbed',"
"0","       y = 'totaltimeinbed',"
"0","       x = 'totalminutesasleep',"
"0","       caption = 'Data Source: Fitbit Fitness Tracker Data')"
