{"chunk_definitions":[{"row":80,"row_count":1,"visible":true,"expansion_state":1,"options":{"engine":"r","label":"unnamed-chunk-1"},"document_id":null,"chunk_id":"c288xlz2j1he1","chunk_label":"unnamed-chunk-1"},{"row":94,"row_count":1,"visible":true,"expansion_state":0,"options":{"engine":"r","label":"unnamed-chunk-1"},"document_id":"99FB7672","chunk_id":"cpryb8batu1gz","chunk_label":"unnamed-chunk-2"},{"row":105,"row_count":1,"visible":true,"expansion_state":1,"options":{"engine":"r","label":"unnamed-chunk-1"},"document_id":"99FB7672","chunk_id":"c18sg6cwysxvc","chunk_label":"unnamed-chunk-3"},{"row":114,"row_count":1,"visible":true,"expansion_state":1,"options":{"engine":"r","label":"unnamed-chunk-1"},"document_id":"99FB7672","chunk_id":"cvf10urywq7ca","chunk_label":"unnamed-chunk-4"},{"row":121,"row_count":1,"visible":true,"expansion_state":1,"options":{"engine":"r","label":"unnamed-chunk-1"},"document_id":"99FB7672","chunk_id":"cf3vsptmew2pn","chunk_label":"unnamed-chunk-5"},{"row":132,"row_count":1,"visible":true,"expansion_state":0,"options":{"engine":"r","label":"unnamed-chunk-1"},"document_id":"99FB7672","chunk_id":"c13qcn3vhstxe","chunk_label":"unnamed-chunk-6"},{"row":138,"row_count":1,"visible":true,"expansion_state":0,"options":{"engine":"r","label":"unnamed-chunk-1"},"document_id":"99FB7672","chunk_id":"cp9n7awtst8as","chunk_label":"unnamed-chunk-7"},{"row":148,"row_count":1,"visible":true,"expansion_state":0,"options":{"engine":"r","label":"unnamed-chunk-1"},"document_id":"99FB7672","chunk_id":"cvh3mbl8jnuq3","chunk_label":"unnamed-chunk-8"},{"row":158,"row_count":1,"visible":true,"expansion_state":0,"options":{"engine":"r","label":"unnamed-chunk-1"},"document_id":"99FB7672","chunk_id":"c51qkb6csolb3","chunk_label":"unnamed-chunk-9"},{"row":165,"row_count":1,"visible":true,"expansion_state":0,"options":{"engine":"r","label":"unnamed-chunk-1"},"document_id":"99FB7672","chunk_id":"c7h7elg1kmvb6","chunk_label":"unnamed-chunk-10"},{"row":174,"row_count":1,"visible":true,"expansion_state":0,"options":{"engine":"r","label":"unnamed-chunk-1"},"document_id":"99FB7672","chunk_id":"cc97xr6auffai","chunk_label":"unnamed-chunk-11"},{"row":183,"row_count":1,"visible":true,"expansion_state":0,"options":{"engine":"r","label":"unnamed-chunk-1"},"document_id":"99FB7672","chunk_id":"c7sykxf76um3a","chunk_label":"unnamed-chunk-12"},{"row":211,"row_count":1,"visible":true,"expansion_state":0,"options":{"engine":"r","label":"unnamed-chunk-1"},"document_id":"99FB7672","chunk_id":"cb5bshybopfbi","chunk_label":"unnamed-chunk-13"},{"row":234,"row_count":1,"visible":true,"expansion_state":0,"options":{"engine":"r","label":"unnamed-chunk-1"},"document_id":"99FB7672","chunk_id":"c3rbc6ryurxwc","chunk_label":"unnamed-chunk-14"},{"row":247,"row_count":1,"visible":true,"expansion_state":0,"options":{"engine":"r","label":"unnamed-chunk-1"},"document_id":"99FB7672","chunk_id":"csgh0cbjjda5a","chunk_label":"unnamed-chunk-15"}],"doc_write_time":1667067939,"chunk_rendered_width":601}