"0","Daily_activity_sleep %>%"
"0","  group_by(totalsteps, calories) %>%"
"0","  ggplot(aes(x = totalsteps, y =calories, color = calories)) + "
"0","  geom_point() +"
"0","  geom_smooth() +"
"0","  theme(legend.position = c(.9, .3),"
"0","        legend.spacing.y = unit(1, ""mm""),"
"0","        panel.border = element_rect(colour = ""black"",fill=NA),"
"0","        legend.background = element_blank(),"
"0","        legend.box.background = element_rect(colour = ""black"")) +"
"0","  labs(title = 'Calories burned by total steps taken',"
"0","       y = 'Calories',"
"0","       x = 'Total Steps',"
"0","       caption = 'Data Source: FitBIT Fitness Tracker Data')"
